,2,3,4,5,6,7,8,9,10,11,12,13,14,15,16,17,18,19,20,21,22,23,24,25,26,27,28,29,30,31,32,1
0,69.73333,66.425095,66.012375,65.50137,64.96656,64.842834,64.69911,64.586235,64.50468,64.35923,64.25138,63.858902,63.91184,63.868374,63.868355,64.52563,65.463,66.09562,65.40964,64.53768,64.05597,64.855385,64.39249,64.10694,63.802628,63.75209,64.05978,63.631596,63.550644,63.596577,63.71786,-1.5625e-06
1800,69.73333,66.425095,66.012375,65.50137,64.96656,64.842834,64.69911,64.586235,64.50468,64.35923,64.25138,63.858902,63.91184,63.868374,63.868355,64.52563,65.463,66.09562,65.40964,64.53768,64.05597,64.855385,64.39249,64.10694,63.802628,63.75209,64.05978,63.631596,63.550644,63.596577,63.71786,-1.5625e-06
3600,69.73333,66.425095,66.012375,65.50137,64.96656,64.842834,64.69911,64.586235,64.50468,64.35923,64.25138,63.858902,63.91184,63.868374,63.868355,64.52563,65.463,66.09562,65.40964,64.53768,64.05597,64.855385,64.39249,64.10694,63.802628,63.75209,64.05978,63.631596,63.550644,63.596577,63.71786,-1.5625e-06
5400,69.73333,66.425095,66.012375,65.50137,64.96656,64.842834,64.69911,64.586235,64.50468,64.35923,64.25138,63.858902,63.91184,63.868374,63.868355,64.52563,65.463,66.09562,65.40964,64.53768,64.05597,64.855385,64.39249,64.10694,63.802628,63.75209,64.05978,63.631596,63.550644,63.596577,63.71786,-1.5625e-06
7200,69.73333,66.425095,66.012375,65.50137,64.96656,64.842834,64.69911,64.586235,64.50468,64.35923,64.25138,63.858902,63.91184,63.868374,63.868355,64.52563,65.463,66.09562,65.40964,64.53768,64.05597,64.855385,64.39249,64.10694,63.802628,63.75209,64.05978,63.631596,63.550644,63.596577,63.71786,-1.5625e-06
9000,69.73333,66.425095,66.012375,65.50137,64.96656,64.842834,64.69911,64.586235,64.50468,64.35923,64.25138,63.858902,63.91184,63.868374,63.868355,64.52563,65.463,66.09562,65.40964,64.53768,64.05597,64.855385,64.39249,64.10694,63.802628,63.75209,64.05978,63.631596,63.550644,63.596577,63.71786,-1.5625e-06
10800,69.73333,66.425095,66.012375,65.50137,64.96656,64.842834,64.69911,64.586235,64.50468,64.35923,64.25138,63.858902,63.91184,63.868374,63.868355,64.52563,65.463,66.09562,65.40964,64.53768,64.05597,64.855385,64.39249,64.10694,63.802628,63.75209,64.05978,63.631596,63.550644,63.596577,63.71786,-1.5625e-06
12600,69.73333,66.425095,66.012375,65.50137,64.96656,64.842834,64.69911,64.586235,64.50468,64.35923,64.25138,63.858902,63.91184,63.868374,63.868355,64.52563,65.463,66.09562,65.40964,64.53768,64.05597,64.855385,64.39249,64.10694,63.802628,63.75209,64.05978,63.631596,63.550644,63.596577,63.71786,-1.5625e-06
14400,69.73333,66.425095,66.012375,65.50137,64.96656,64.842834,64.69911,64.586235,64.50468,64.35923,64.25138,63.858902,63.91184,63.868374,63.868355,64.52563,65.463,66.09562,65.40964,64.53768,64.05597,64.855385,64.39249,64.10694,63.802628,63.75209,64.05978,63.631596,63.550644,63.596577,63.71786,-1.5625e-06
16200,69.73333,66.425095,66.012375,65.50137,64.96656,64.842834,64.69911,64.586235,64.50468,64.35923,64.25138,63.858902,63.91184,63.868374,63.868355,64.52563,65.463,66.09562,65.40964,64.53768,64.05597,64.855385,64.39249,64.10694,63.802628,63.75209,64.05978,63.631596,63.550644,63.596577,63.71786,-1.5625e-06
18000,69.73333,66.425095,66.012375,65.50137,64.96656,64.842834,64.69911,64.586235,64.50468,64.35923,64.25138,63.858902,63.91184,63.868374,63.868355,64.52563,65.463,66.09562,65.40964,64.53768,64.05597,64.855385,64.39249,64.10694,63.802628,63.75209,64.05978,63.631596,63.550644,63.596577,63.71786,-1.5625e-06
19800,69.73333,66.425095,66.012375,65.50137,64.96656,64.842834,64.69911,64.586235,64.50468,64.35923,64.25138,63.858902,63.91184,63.868374,63.868355,64.52563,65.463,66.09562,65.40964,64.53768,64.05597,64.855385,64.39249,64.10694,63.802628,63.75209,64.05978,63.631596,63.550644,63.596577,63.71786,-1.5625e-06
21600,69.73333,66.425095,66.012375,65.50137,64.96656,64.842834,64.69911,64.586235,64.50468,64.35923,64.25138,63.858902,63.91184,63.868374,63.868355,64.52563,65.463,66.09562,65.40964,64.53768,64.05597,64.855385,64.39249,64.10694,63.802628,63.75209,64.05978,63.631596,63.550644,63.596577,63.71786,-1.5625e-06
23400,69.73333,66.425095,66.012375,65.50137,64.96656,64.842834,64.69911,64.586235,64.50468,64.35923,64.25138,63.858902,63.91184,63.868374,63.868355,64.52563,65.463,66.09562,65.40964,64.53768,64.05597,64.855385,64.39249,64.10694,63.802628,63.75209,64.05978,63.631596,63.550644,63.596577,63.71786,-1.5625e-06
25200,69.73333,66.425095,66.012375,65.50137,64.96656,64.842834,64.69911,64.586235,64.50468,64.35923,64.25138,63.858902,63.91184,63.868374,63.868355,64.52563,65.463,66.09562,65.40964,64.53768,64.05597,64.855385,64.39249,64.10694,63.802628,63.75209,64.05978,63.631596,63.550644,63.596577,63.71786,-1.5625e-06
27000,69.73333,66.425095,66.012375,65.50137,64.96656,64.842834,64.69911,64.586235,64.50468,64.35923,64.25138,63.858902,63.91184,63.868374,63.868355,64.52563,65.463,66.09562,65.40964,64.53768,64.05597,64.855385,64.39249,64.10694,63.802628,63.75209,64.05978,63.631596,63.550644,63.596577,63.71786,-1.5625e-06
28800,69.73333,66.425095,66.012375,65.50137,64.96656,64.842834,64.69911,64.586235,64.50468,64.35923,64.25138,63.858902,63.91184,63.868374,63.868355,64.52563,65.463,66.09562,65.40964,64.53768,64.05597,64.855385,64.39249,64.10694,63.802628,63.75209,64.05978,63.631596,63.550644,63.596577,63.71786,-1.5625e-06
30600,69.73333,66.425095,66.012375,65.50137,64.96656,64.842834,64.69911,64.586235,64.50468,64.35923,64.25138,63.858902,63.91184,63.868374,63.868355,64.52563,65.463,66.09562,65.40964,64.53768,64.05597,64.855385,64.39249,64.10694,63.802628,63.75209,64.05978,63.631596,63.550644,63.596577,63.71786,-1.5625e-06
32400,69.73333,66.425095,66.012375,65.50137,64.96656,64.842834,64.69911,64.586235,64.50468,64.35923,64.25138,63.858902,63.91184,63.868374,63.868355,64.52563,65.463,66.09562,65.40964,64.53768,64.05597,64.855385,64.39249,64.10694,63.802628,63.75209,64.05978,63.631596,63.550644,63.596577,63.71786,-1.5625e-06
34200,69.73333,66.425095,66.012375,65.50137,64.96656,64.842834,64.69911,64.586235,64.50468,64.35923,64.25138,63.858902,63.91184,63.868374,63.868355,64.52563,65.463,66.09562,65.40964,64.53768,64.05597,64.855385,64.39249,64.10694,63.802628,63.75209,64.05978,63.631596,63.550644,63.596577,63.71786,-1.5625e-06
36000,69.73333,66.425095,66.012375,65.50137,64.96656,64.842834,64.69911,64.586235,64.50468,64.35923,64.25138,63.858902,63.91184,63.868374,63.868355,64.52563,65.463,66.09562,65.40964,64.53768,64.05597,64.855385,64.39249,64.10694,63.802628,63.75209,64.05978,63.631596,63.550644,63.596577,63.71786,-1.5625e-06
37800,69.73333,66.425095,66.012375,65.50137,64.96656,64.842834,64.69911,64.586235,64.50468,64.35923,64.25138,63.858902,63.91184,63.868374,63.868355,64.52563,65.463,66.09562,65.40964,64.53768,64.05597,64.855385,64.39249,64.10694,63.802628,63.75209,64.05978,63.631596,63.550644,63.596577,63.71786,-1.5625e-06
39600,69.73333,66.425095,66.012375,65.50137,64.96656,64.842834,64.69911,64.586235,64.50468,64.35923,64.25138,63.858902,63.91184,63.868374,63.868355,64.52563,65.463,66.09562,65.40964,64.53768,64.05597,64.855385,64.39249,64.10694,63.802628,63.75209,64.05978,63.631596,63.550644,63.596577,63.71786,-1.5625e-06
41400,69.73333,66.425095,66.012375,65.50137,64.96656,64.842834,64.69911,64.586235,64.50468,64.35923,64.25138,63.858902,63.91184,63.868374,63.868355,64.52563,65.463,66.09562,65.40964,64.53768,64.05597,64.855385,64.39249,64.10694,63.802628,63.75209,64.05978,63.631596,63.550644,63.596577,63.71786,-1.5625e-06
43200,69.73333,66.425095,66.012375,65.50137,64.96656,64.842834,64.69911,64.586235,64.50468,64.35923,64.25138,63.858902,63.91184,63.868374,63.868355,64.52563,65.463,66.09562,65.40964,64.53768,64.05597,64.855385,64.39249,64.10694,63.802628,63.75209,64.05978,63.631596,63.550644,63.596577,63.71786,-1.5625e-06
45000,69.73333,66.425095,66.012375,65.50137,64.96656,64.842834,64.69911,64.586235,64.50468,64.35923,64.25138,63.858902,63.91184,63.868374,63.868355,64.52563,65.463,66.09562,65.40964,64.53768,64.05597,64.855385,64.39249,64.10694,63.802628,63.75209,64.05978,63.631596,63.550644,63.596577,63.71786,-1.5625e-06
46800,69.73333,66.425095,66.012375,65.50137,64.96656,64.842834,64.69911,64.586235,64.50468,64.35923,64.25138,63.858902,63.91184,63.868374,63.868355,64.52563,65.463,66.09562,65.40964,64.53768,64.05597,64.855385,64.39249,64.10694,63.802628,63.75209,64.05978,63.631596,63.550644,63.596577,63.71786,-1.5625e-06
48600,69.73333,66.425095,66.012375,65.50137,64.96656,64.842834,64.69911,64.586235,64.50468,64.35923,64.25138,63.858902,63.91184,63.868374,63.868355,64.52563,65.463,66.09562,65.40964,64.53768,64.05597,64.855385,64.39249,64.10694,63.802628,63.75209,64.05978,63.631596,63.550644,63.596577,63.71786,-1.5625e-06
50400,69.73333,66.425095,66.012375,65.50137,64.96656,64.842834,64.69911,64.586235,64.50468,64.35923,64.25138,63.858902,63.91184,63.868374,63.868355,64.52563,65.463,66.09562,65.40964,64.53768,64.05597,64.855385,64.39249,64.10694,63.802628,63.75209,64.05978,63.631596,63.550644,63.596577,63.71786,-1.5625e-06
52200,69.73333,66.425095,66.012375,65.50137,64.96656,64.842834,64.69911,64.586235,64.50468,64.35923,64.25138,63.858902,63.91184,63.868374,63.868355,64.52563,65.463,66.09562,65.40964,64.53768,64.05597,64.855385,64.39249,64.10694,63.802628,63.75209,64.05978,63.631596,63.550644,63.596577,63.71786,-1.5625e-06
54000,69.73333,66.425095,66.012375,65.50137,64.96656,64.842834,64.69911,64.586235,64.50468,64.35923,64.25138,63.858902,63.91184,63.868374,63.868355,64.52563,65.463,66.09562,65.40964,64.53768,64.05597,64.855385,64.39249,64.10694,63.802628,63.75209,64.05978,63.631596,63.550644,63.596577,63.71786,-1.5625e-06
55800,69.73333,66.425095,66.012375,65.50137,64.96656,64.842834,64.69911,64.586235,64.50468,64.35923,64.25138,63.858902,63.91184,63.868374,63.868355,64.52563,65.463,66.09562,65.40964,64.53768,64.05597,64.855385,64.39249,64.10694,63.802628,63.75209,64.05978,63.631596,63.550644,63.596577,63.71786,-1.5625e-06
57600,69.73333,66.425095,66.012375,65.50137,64.96656,64.842834,64.69911,64.586235,64.50468,64.35923,64.25138,63.858902,63.91184,63.868374,63.868355,64.52563,65.463,66.09562,65.40964,64.53768,64.05597,64.855385,64.39249,64.10694,63.802628,63.75209,64.05978,63.631596,63.550644,63.596577,63.71786,-1.5625e-06
59400,69.73333,66.425095,66.012375,65.50137,64.96656,64.842834,64.69911,64.586235,64.50468,64.35923,64.25138,63.858902,63.91184,63.868374,63.868355,64.52563,65.463,66.09562,65.40964,64.53768,64.05597,64.855385,64.39249,64.10694,63.802628,63.75209,64.05978,63.631596,63.550644,63.596577,63.71786,-1.5625e-06
61200,69.73333,66.425095,66.012375,65.50137,64.96656,64.842834,64.69911,64.586235,64.50468,64.35923,64.25138,63.858902,63.91184,63.868374,63.868355,64.52563,65.463,66.09562,65.40964,64.53768,64.05597,64.855385,64.39249,64.10694,63.802628,63.75209,64.05978,63.631596,63.550644,63.596577,63.71786,-1.5625e-06
63000,69.73333,66.425095,66.012375,65.50137,64.96656,64.842834,64.69911,64.586235,64.50468,64.35923,64.25138,63.858902,63.91184,63.868374,63.868355,64.52563,65.463,66.09562,65.40964,64.53768,64.05597,64.855385,64.39249,64.10694,63.802628,63.75209,64.05978,63.631596,63.550644,63.596577,63.71786,-1.5625e-06
64800,69.73142,66.39842,65.98415,65.47118,64.93411,64.80978,64.66512,64.55142,64.46916,64.323715,64.21587,63.8234,63.857033,63.80899,63.807846,64.40035,65.40315,66.05776,65.3803,64.50835,64.026634,64.8238,64.358215,64.070435,63.760418,63.704308,64.026764,63.59733,63.51526,63.56096,63.681797,-1.5625e-06
66600,69.73142,66.39842,65.98415,65.47118,64.93411,64.80978,64.66512,64.55142,64.46916,64.323715,64.21587,63.8234,63.857033,63.80899,63.807846,64.40035,65.40315,66.05776,65.3803,64.50835,64.026634,64.8238,64.358215,64.070435,63.760418,63.704308,64.026764,63.59733,63.51526,63.56096,63.681797,-1.5625e-06
68400,69.73179,66.40365,65.989685,65.477104,64.940475,64.81626,64.67178,64.558235,64.47612,64.33068,64.22283,63.830357,63.867798,63.820663,63.819862,64.42495,65.41487,66.06518,65.386055,64.51411,64.0324,64.83002,64.364975,64.077644,63.76878,63.713814,64.03327,63.60409,63.522243,63.56799,63.688915,-1.5625e-06
70200,69.73179,66.40365,65.989685,65.477104,64.940475,64.81626,64.67178,64.558235,64.47612,64.33068,64.22283,63.830357,63.867798,63.820663,63.819862,64.42495,65.41487,66.06518,65.386055,64.51411,64.0324,64.83002,64.364975,64.077644,63.76878,63.713814,64.03327,63.60409,63.522243,63.56799,63.688915,-1.5625e-06
72000,69.73213,66.40844,65.99475,65.48254,64.946304,64.822205,64.677895,64.56451,64.48251,64.33706,64.229225,63.836746,63.877655,63.83136,63.830822,64.44751,65.42564,66.07198,65.39134,64.519394,64.03768,64.83571,64.37116,64.084236,63.776417,63.722473,64.03923,63.610275,63.528637,63.574417,63.695427,-1.5625e-06
73800,69.73213,66.40844,65.99475,65.48254,64.946304,64.822205,64.677895,64.56451,64.48251,64.33706,64.229225,63.836746,63.877655,63.83136,63.830822,64.44751,65.42564,66.07198,65.39134,64.519394,64.03768,64.83571,64.37116,64.084236,63.776417,63.722473,64.03923,63.610275,63.528637,63.574417,63.695427,-1.5625e-06
75600,69.73101,66.39281,65.97821,65.464836,64.927284,64.80281,64.65796,64.54408,64.461685,64.31623,64.2084,63.81592,63.84545,63.796425,63.794853,64.37389,65.39057,66.04979,65.37409,64.50214,64.02043,64.81711,64.35092,64.06265,63.751373,63.69401,64.01976,63.590046,63.507732,63.55338,63.674114,-1.5625e-06
77400,69.73101,66.39281,65.97821,65.464836,64.927284,64.80281,64.65796,64.54408,64.461685,64.31623,64.2084,63.81592,63.84545,63.796425,63.794853,64.37389,65.39057,66.04979,65.37409,64.50214,64.02043,64.81711,64.35092,64.06265,63.751373,63.69401,64.01976,63.590046,63.507732,63.55338,63.674114,-1.5625e-06
79200,69.73333,66.425095,66.012375,65.50137,64.96656,64.842834,64.69911,64.586235,64.50468,64.35923,64.25138,63.858902,63.91184,63.868374,63.868355,64.52563,65.463,66.09562,65.40964,64.53768,64.05597,64.855385,64.39249,64.10694,63.802628,63.75209,64.05978,63.631596,63.550644,63.596577,63.71786,-1.5625e-06
81000,69.73333,66.425095,66.012375,65.50137,64.96656,64.842834,64.69911,64.586235,64.50468,64.35923,64.25138,63.858902,63.91184,63.868374,63.868355,64.52563,65.463,66.09562,65.40964,64.53768,64.05597,64.855385,64.39249,64.10694,63.802628,63.75209,64.05978,63.631596,63.550644,63.596577,63.71786,-1.5625e-06
82800,69.73333,66.425095,66.012375,65.50137,64.96656,64.842834,64.69911,64.586235,64.50468,64.35923,64.25138,63.858902,63.91184,63.868374,63.868355,64.52563,65.463,66.09562,65.40964,64.53768,64.05597,64.855385,64.39249,64.10694,63.802628,63.75209,64.05978,63.631596,63.550644,63.596577,63.71786,-1.5625e-06
84600,69.73333,66.425095,66.012375,65.50137,64.96656,64.842834,64.69911,64.586235,64.50468,64.35923,64.25138,63.858902,63.91184,63.868374,63.868355,64.52563,65.463,66.09562,65.40964,64.53768,64.05597,64.855385,64.39249,64.10694,63.802628,63.75209,64.05978,63.631596,63.550644,63.596577,63.71786,-1.5625e-06
86400,69.73333,66.425095,66.012375,65.50137,64.96656,64.842834,64.69911,64.586235,64.50468,64.35923,64.25138,63.858902,63.91184,63.868374,63.868355,64.52563,65.463,66.09562,65.40964,64.53768,64.05597,64.855385,64.39249,64.10694,63.802628,63.75209,64.05978,63.631596,63.550644,63.596577,63.71786,-1.5625e-06
